交易时间,公众账号ID,商户号,子商户号,设备号,微信订单号,商户订单号,用户标识,交易类型,交易状态,付款银行,货币种类,总金额,企业红包金额,微信退款单号,商户退款单号,退款金额,企业红包退款金额,退款类型,退款状态,商品名称,商户数据包,手续费,费率
`2015-04-07 13:23:28,`wx36177abf9259c7ff,`10161187,`0,`,`1008260035201504070050070776,`wx36177abf9259c7ff1428384189,`o6j3_spyEyqcSTWzASEBvehkQm-A,`JSAPI,`SUCCESS,`CFT,`CNY,`0.01,`0.00,`0,`0,`0,`0,`,`,`贡献一分钱,`,`0.00006,`0.60%
`2015-04-07 14:20:38,`wx36177abf9259c7ff,`10161187,`0,`,`1008260035201504070050137554,`wx36177abf9259c7ff1428387574,`o6j3_spyEyqcSTWzASEBvehkQm-A,`NATIVE,`SUCCESS,`CFT,`CNY,`0.01,`0.00,`0,`0,`0,`0,`,`,`贡献一分钱,`,`0.00006,`0.60%
`2015-04-10 15:27:23,`wx97cbb908c15a96bd,`10014015,`10161187,`,`1008260319201504100055373894,`12898095933269865906,`o6j3_spyEyqcSTWzASEBvehkQm-A,`JSAPI,`SUCCESS,`CFT,`CNY,`1.00,`0.00,`0,`0,`0,`0,`,`,`商品测试,`,`0.00600,`0.60%
`2015-04-10 16:15:13,`wx97cbb908c15a96bd,`10014015,`10161187,`,`1008260319201504100055465656,`12898095933269891185,`o6j3_spyEyqcSTWzASEBvehkQm-A,`JSAPI,`SUCCESS,`CFT,`CNY,`1.00,`0.00,`0,`0,`0,`0,`,`,`商品测试,`,`0.00600,`0.60%
`2015-04-10 17:24:47,`wx97cbb908c15a96bd,`10014015,`10161187,`,`1004180319201504100055600064,`12898095933269929843,`o6j3_slGFxHznO8Iur9Sl4-xCUWo,`JSAPI,`SUCCESS,`CFT,`CNY,`1.00,`0.00,`0,`0,`0,`0,`,`,`商品测试,`,`0.00600,`0.60%
`2015-04-13 11:09:33,`wx36177abf9259c7ff,`10161187,`0,`,`1008260035201504070050137554,`wx36177abf9259c7ff1428387574,`o6j3_spyEyqcSTWzASEBvehkQm-A,`NATIVE,`REFUND,`CFT,`CNY,`0,`0,`2008260035201504130002971656,`101611872015040700501375541428894573,`0.01,`0.00,`ORIGINAL,`SUCCES,`贡献一分钱,`,`-0.00006,`0.60%
`2015-04-13 11:24:26,`wx36177abf9259c7ff,`10161187,`0,`,`1008260035201504130060166766,`wx36177abf9259c7ff1428895451,`o6j3_spyEyqcSTWzASEBvehkQm-A,`NATIVE,`SUCCESS,`CFT,`CNY,`0.01,`0.00,`0,`0,`0,`0,`,`,`海参,`,`0.00006,`0.60%
`2015-04-13 11:31:01,`wx36177abf9259c7ff,`10161187,`0,`,`1008260035201504130060204630,`wx36177abf9259c7ff1428895855,`o6j3_spyEyqcSTWzASEBvehkQm-A,`NATIVE,`SUCCESS,`CFT,`CNY,`0.01,`0.00,`0,`0,`0,`0,`,`,`海参,`,`0.00006,`0.60%
`2015-04-13 11:32:53,`wx97cbb908c15a96bd,`10014015,`10161187,`,`1004180319201504100055600064,`12898095933269929843,`o6j3_slGFxHznO8Iur9Sl4-xCUWo,`JSAPI,`REFUND,`CFT,`CNY,`0,`0,`2004180319201504130002968473,`101611872015041000556000641428895973,`0.50,`0.00,`ORIGINAL,`SUCCES,`商品测试,`,`-0.00300,`0.60%
`2015-04-13 11:34:41,`wx97cbb908c15a96bd,`10014015,`10161187,`,`1004180319201504100055600064,`12898095933269929843,`o6j3_slGFxHznO8Iur9Sl4-xCUWo,`JSAPI,`REFUND,`CFT,`CNY,`0,`0,`2004180319201504130002957155,`101611872015041000556000641428896081,`0.50,`0.00,`ORIGINAL,`SUCCES,`商品测试,`,`-0.00300,`0.60%
`2015-04-13 14:31:49,`wx97cbb908c15a96bd,`10014015,`10161187,`,`1004180319201504130060475089,`12898095933270221174,`o6j3_slGFxHznO8Iur9Sl4-xCUWo,`JSAPI,`SUCCESS,`CFT,`CNY,`2.00,`0.00,`0,`0,`0,`0,`,`,`商品测试,`,`0.01200,`0.60%
`2015-04-13 14:37:34,`wx97cbb908c15a96bd,`10014015,`10161187,`,`1004180319201504130060475089,`12898095933270221174,`o6j3_slGFxHznO8Iur9Sl4-xCUWo,`JSAPI,`REFUND,`CFT,`CNY,`0,`0,`2004180319201504130002958173,`101611872015041300604750891428907054,`2.00,`0.00,`ORIGINAL,`SUCCES,`商品测试,`,`-0.01200,`0.60%
`2015-04-13 14:50:23,`wx97cbb908c15a96bd,`10014015,`10161187,`,`1004180319201504130060477978,`12898095933270224987,`o6j3_slGFxHznO8Iur9Sl4-xCUWo,`JSAPI,`SUCCESS,`CFT,`CNY,`2.00,`1.00,`0,`0,`0,`0,`,`,`商品测试,`,`0.01200,`0.60%
`2015-04-13 14:51:47,`wx97cbb908c15a96bd,`10014015,`10161187,`,`1004180319201504130060477978,`12898095933270224987,`o6j3_slGFxHznO8Iur9Sl4-xCUWo,`JSAPI,`REFUND,`CFT,`CNY,`0,`0,`2004180319201504130002979077,`101611872015041300604779781428907906,`2.00,`1.00,`ORIGINAL,`SUCCES,`商品测试,`,`-0.01200,`0.60%
`2015-04-13 15:21:06,`wx36177abf9259c7ff,`10161187,`0,`,`1008260035201504130060570216,`wx36177abf9259c7ff1428909658,`o6j3_spyEyqcSTWzASEBvehkQm-A,`NATIVE,`SUCCESS,`CFT,`CNY,`0.01,`0.00,`0,`0,`0,`0,`,`,`海参,`,`0.00006,`0.60%
`2015-04-18 14:55:01,`wx97cbb908c15a96bd,`10014015,`10161187,`,`1008330319201504180072935926,`12898095933271429441,`o6j3_sq5dRUQ93klotG5bjSzWU2w,`JSAPI,`SUCCESS,`CMB_CREDIT,`CNY,`1.00,`0.00,`0,`0,`0,`0,`,`,`商品测试,`,`0.01000,`0.60%
`2015-04-20 14:20:09,`wx36177abf9259c7ff,`10161187,`0,`,`1008260035201504200077063196,`wx36177abf9259c7ff1429510793,`o6j3_spyEyqcSTWzASEBvehkQm-A,`NATIVE,`SUCCESS,`CFT,`CNY,`0.01,`0.00,`0,`0,`0,`0,`,`,`海参,`,`0.00000,`0.60%
`2015-04-20 14:24:31,`wx36177abf9259c7ff,`10161187,`0,`,`1008260035201504200077076987,`wx36177abf9259c7ff1429511064,`o6j3_spyEyqcSTWzASEBvehkQm-A,`NATIVE,`SUCCESS,`CFT,`CNY,`0.01,`0.00,`0,`0,`0,`0,`,`,`海参,`,`0.00000,`0.60%
`2015-04-21 10:45:48,`wx36177abf9259c7ff,`10161187,`0,`,`1008260035201504210078853949,`wx36177abf9259c7ff1429584294,`o6j3_spyEyqcSTWzASEBvehkQm-A,`NATIVE,`SUCCESS,`CFT,`CNY,`0.01,`0.00,`0,`0,`0,`0,`,`,`海参,`,`0.00000,`0.60%
`2015-04-21 10:48:23,`wx36177abf9259c7ff,`10161187,`0,`,`1008260035201504210078863915,`wx36177abf9259c7ff1429584498,`o6j3_spyEyqcSTWzASEBvehkQm-A,`NATIVE,`SUCCESS,`CFT,`CNY,`0.01,`0.00,`0,`0,`0,`0,`,`,`海参,`,`0.00000,`0.60%
`2015-04-21 10:54:13,`wx36177abf9259c7ff,`10161187,`0,`,`1008260035201504210078893407,`wx36177abf9259c7ff1429584848,`o6j3_spyEyqcSTWzASEBvehkQm-A,`NATIVE,`SUCCESS,`CFT,`CNY,`0.01,`0.00,`0,`0,`0,`0,`,`,`海参,`,`0.00000,`0.60%
`2015-04-21 11:11:29,`wx36177abf9259c7ff,`10161187,`0,`,`1008260035201504210078935619,`wx36177abf9259c7ff1429585884,`o6j3_spyEyqcSTWzASEBvehkQm-A,`NATIVE,`SUCCESS,`CFT,`CNY,`0.01,`0.00,`0,`0,`0,`0,`,`,`海参,`,`0.00000,`0.60%
`2015-04-21 11:15:21,`wx36177abf9259c7ff,`10161187,`0,`,`1008260035201504210078945819,`wx36177abf9259c7ff1429586115,`o6j3_spyEyqcSTWzASEBvehkQm-A,`NATIVE,`SUCCESS,`CFT,`CNY,`0.01,`0.00,`0,`0,`0,`0,`,`,`海参,`,`0.00000,`0.60%
`2015-04-21 11:29:19,`wx36177abf9259c7ff,`10161187,`0,`,`1008260035201504210078961495,`wx36177abf9259c7ff1429586951,`o6j3_spyEyqcSTWzASEBvehkQm-A,`NATIVE,`SUCCESS,`CFT,`CNY,`0.01,`0.00,`0,`0,`0,`0,`,`,`海参,`,`0.00000,`0.60%
`2015-04-21 11:34:15,`wx36177abf9259c7ff,`10161187,`0,`,`1008260035201504210078962522,`wx36177abf9259c7ff1429587249,`o6j3_spyEyqcSTWzASEBvehkQm-A,`NATIVE,`SUCCESS,`CFT,`CNY,`0.01,`0.00,`0,`0,`0,`0,`,`,`海参,`,`0.00000,`0.60%
`2015-04-21 11:45:14,`wx36177abf9259c7ff,`10161187,`0,`,`1008260035201504210079000104,`wx36177abf9259c7ff1429587908,`o6j3_spyEyqcSTWzASEBvehkQm-A,`NATIVE,`SUCCESS,`CFT,`CNY,`0.01,`0.00,`0,`0,`0,`0,`,`,`海参,`,`0.00000,`0.60%
`2015-04-21 14:20:14,`wx36177abf9259c7ff,`10161187,`0,`,`1008260035201504210079366058,`wx36177abf9259c7ff1429597208,`o6j3_spyEyqcSTWzASEBvehkQm-A,`NATIVE,`SUCCESS,`CFT,`CNY,`0.01,`0.00,`0,`0,`0,`0,`,`,`海参,`,`0.00000,`0.60%
`2015-04-21 14:31:41,`wx36177abf9259c7ff,`10161187,`0,`,`1008260035201504210079379924,`wx36177abf9259c7ff1429597893,`o6j3_spyEyqcSTWzASEBvehkQm-A,`NATIVE,`SUCCESS,`CFT,`CNY,`0.01,`0.00,`0,`0,`0,`0,`,`,`海参,`,`0.00000,`0.60%
`2015-04-21 14:40:42,`wx36177abf9259c7ff,`10161187,`0,`,`1008260035201504210079411643,`wx36177abf9259c7ff1429598435,`o6j3_spyEyqcSTWzASEBvehkQm-A,`NATIVE,`SUCCESS,`CFT,`CNY,`0.01,`0.00,`0,`0,`0,`0,`,`,`海参,`,`0.00000,`0.60%
`2015-04-21 16:16:51,`wx36177abf9259c7ff,`10161187,`0,`,`1008260035201504210079621640,`wx36177abf9259c7ff1429604205,`o6j3_spyEyqcSTWzASEBvehkQm-A,`NATIVE,`SUCCESS,`CFT,`CNY,`0.01,`0.00,`0,`0,`0,`0,`,`,`海参,`,`0.00000,`0.60%
`2015-04-21 16:18:50,`wx36177abf9259c7ff,`10161187,`0,`,`1008260035201504210079610782,`wx36177abf9259c7ff1429604324,`o6j3_spyEyqcSTWzASEBvehkQm-A,`NATIVE,`SUCCESS,`CFT,`CNY,`0.01,`0.00,`0,`0,`0,`0,`,`,`海参,`,`0.00000,`0.60%
`2015-04-21 16:22:38,`wx97cbb908c15a96bd,`10014015,`10161187,`,`1004180319201504210079625933,`12898095933271938442,`o6j3_slGFxHznO8Iur9Sl4-xCUWo,`JSAPI,`SUCCESS,`CFT,`CNY,`5.00,`3.00,`0,`0,`0,`0,`,`,`商品测试,`,`0.03000,`0.60%
`2015-04-21 16:23:28,`wx97cbb908c15a96bd,`10014015,`10161187,`,`1004180319201504210079635861,`12898095933271938940,`o6j3_slGFxHznO8Iur9Sl4-xCUWo,`JSAPI,`SUCCESS,`CFT,`CNY,`3.00,`1.00,`0,`0,`0,`0,`,`,`商品测试,`,`0.02000,`0.60%
`2015-04-21 16:25:06,`wx97cbb908c15a96bd,`10014015,`10161187,`,`1004180319201504210079625933,`12898095933271938442,`o6j3_slGFxHznO8Iur9Sl4-xCUWo,`JSAPI,`REFUND,`CFT,`CNY,`0,`0,`2004180319201504210003616137,`101611872015042100796259331429604705,`5.00,`3.00,`ORIGINAL,`SUCCESS,`商品测试,`,`-0.01000,`0.60%
`2015-04-21 16:25:44,`wx97cbb908c15a96bd,`10014015,`10161187,`,`1004180319201504210079635861,`12898095933271938940,`o6j3_slGFxHznO8Iur9Sl4-xCUWo,`JSAPI,`REFUND,`CFT,`CNY,`0,`0,`2004180319201504210003615318,`101611872015042100796358611429604743,`3.00,`1.00,`ORIGINAL,`SUCCESS,`商品测试,`,`0.00000,`0.60%
`2015-04-21 17:15:50,`wx97cbb908c15a96bd,`10014015,`10161187,`,`1004180319201504210079770603,`12898095933271970646,`o6j3_slGFxHznO8Iur9Sl4-xCUWo,`JSAPI,`SUCCESS,`CFT,`CNY,`10.00,`9.50,`0,`0,`0,`0,`,`,`商品测试,`,`0.05000,`0.60%
`2015-04-21 19:33:31,`wx97cbb908c15a96bd,`10014015,`10161187,`,`1008330319201504210080070925,`12898095933272004926,`o6j3_sq5dRUQ93klotG5bjSzWU2w,`JSAPI,`SUCCESS,`CMB_CREDIT,`CNY,`5.00,`0.00,`0,`0,`0,`0,`,`,`普通包装海参,`,`0.03000,`0.60%
`2015-04-22 14:01:23,`wx36177abf9259c7ff,`10161187,`0,`,`1001530035201504220081550248,`wx36177abf9259c7ff1429682463,`o6j3_stFjtOq97wFtT4Y95VNak1E,`NATIVE,`SUCCESS,`CFT,`CNY,`0.01,`0.00,`0,`0,`0,`0,`,`,`海参,`,`0.00000,`0.60%
`2015-04-22 14:04:57,`wx36177abf9259c7ff,`10161187,`0,`,`1004180035201504220081535967,`wx36177abf9259c7ff1429682688,`o6j3_slGFxHznO8Iur9Sl4-xCUWo,`NATIVE,`SUCCESS,`CFT,`CNY,`0.01,`0.00,`0,`0,`0,`0,`,`,`海参,`,`0.00000,`0.60%
`2015-04-22 14:16:31,`wx36177abf9259c7ff,`10161187,`0,`,`1004180035201504220081535967,`wx36177abf9259c7ff1429682688,`o6j3_slGFxHznO8Iur9Sl4-xCUWo,`NATIVE,`REFUND,`CFT,`CNY,`0,`0,`2004180035201504220003658501,`101611872015042200815359671429683391,`0.01,`0.00,`ORIGINAL,`SUCCESS,`海参,`,`0.00000,`0.60%
`2015-04-23 13:45:41,`wx36177abf9259c7ff,`10161187,`0,`,`1008260035201504230083909638,`wx36177abf9259c7ff1429767932,`o6j3_spyEyqcSTWzASEBvehkQm-A,`NATIVE,`SUCCESS,`CFT,`CNY,`0.01,`0.00,`0,`0,`0,`0,`,`,`海参,`,`0.00000,`0.60%
`2015-04-23 15:23:02,`wx36177abf9259c7ff,`10161187,`0,`,`1008260035201504230084098535,`wx36177abf9259c7ff1429773775,`o6j3_spyEyqcSTWzASEBvehkQm-A,`NATIVE,`SUCCESS,`CFT,`CNY,`0.01,`0.00,`0,`0,`0,`0,`,`,`海参,`,`0.00000,`0.60%
`2015-04-24 14:13:33,`wx36177abf9259c7ff,`10161187,`0,`,`1008260035201504240086250851,`wx36177abf9259c7ff1429856007,`o6j3_spyEyqcSTWzASEBvehkQm-A,`NATIVE,`SUCCESS,`CFT,`CNY,`0.01,`0.00,`0,`0,`0,`0,`,`,`海参,`,`0.00000,`0.60%
`2015-04-24 14:26:07,`wx36177abf9259c7ff,`10161187,`0,`,`1008260035201504240086267920,`wx36177abf9259c7ff1429856759,`o6j3_spyEyqcSTWzASEBvehkQm-A,`NATIVE,`SUCCESS,`CFT,`CNY,`0.01,`0.00,`0,`0,`0,`0,`,`,`海参,`,`0.00000,`0.60%
`2015-04-24 14:37:16,`wx36177abf9259c7ff,`10161187,`0,`,`1008260035201504240086288144,`wx36177abf9259c7ff1429857430,`o6j3_spyEyqcSTWzASEBvehkQm-A,`NATIVE,`SUCCESS,`CFT,`CNY,`0.01,`0.00,`0,`0,`0,`0,`,`,`海参,`,`0.00000,`0.60%
`2015-04-24 14:38:55,`wx36177abf9259c7ff,`10161187,`0,`,`1001500035201504240086294530,`wx36177abf9259c7ff1429857530,`o6j3_sgwPKcd3mO-xPttyOYtPpmc,`NATIVE,`SUCCESS,`CFT,`CNY,`0.01,`0.00,`0,`0,`0,`0,`,`,`海参,`,`0.00000,`0.60%
`2015-04-24 14:39:56,`wx36177abf9259c7ff,`10161187,`0,`,`1008260035201504240086305121,`wx36177abf9259c7ff1429857587,`o6j3_spyEyqcSTWzASEBvehkQm-A,`NATIVE,`SUCCESS,`CFT,`CNY,`0.01,`0.00,`0,`0,`0,`0,`,`,`海参,`,`0.00000,`0.60%
`2015-04-24 14:45:40,`wx36177abf9259c7ff,`10161187,`0,`,`1008260035201504240086320854,`wx36177abf9259c7ff1429857933,`o6j3_spyEyqcSTWzASEBvehkQm-A,`NATIVE,`SUCCESS,`CFT,`CNY,`0.01,`0.00,`0,`0,`0,`0,`,`,`海参,`,`0.00000,`0.60%
`2015-04-24 14:46:43,`wx36177abf9259c7ff,`10161187,`0,`,`1008260035201504240086331213,`wx36177abf9259c7ff1429857996,`o6j3_spyEyqcSTWzASEBvehkQm-A,`NATIVE,`SUCCESS,`CFT,`CNY,`0.01,`0.00,`0,`0,`0,`0,`,`,`海参,`,`0.00000,`0.60%
`2015-04-24 15:12:23,`wx36177abf9259c7ff,`10161187,`0,`,`1008260035201504240086362781,`wx36177abf9259c7ff1429859538,`o6j3_spyEyqcSTWzASEBvehkQm-A,`NATIVE,`SUCCESS,`CFT,`CNY,`0.01,`0.00,`0,`0,`0,`0,`,`,`海参,`,`0.00000,`0.60%
`2015-04-25 12:08:58,`wx97cbb908c15a96bd,`10014015,`10161187,`,`1008260319201504250088350282,`12898095933272853241,`o6j3_spyEyqcSTWzASEBvehkQm-A,`JSAPI,`SUCCESS,`CFT,`CNY,`1.00,`0.00,`0,`0,`0,`0,`,`,`测试商品,`,`0.01000,`0.60%
`2015-04-27 10:06:00,`wx36177abf9259c7ff,`10161187,`0,`,`1004180035201504270092352578,`wx36177abf9259c7ff1430100339,`o6j3_slGFxHznO8Iur9Sl4-xCUWo,`NATIVE,`SUCCESS,`CFT,`CNY,`3.00,`2.00,`0,`0,`0,`0,`,`,`海参,`,`0.03000,`0.60%
`2015-04-27 10:10:23,`wx36177abf9259c7ff,`10161187,`0,`,`1004180035201504270092371540,`wx36177abf9259c7ff1430100614,`o6j3_slGFxHznO8Iur9Sl4-xCUWo,`NATIVE,`SUCCESS,`CFT,`CNY,`6.00,`4.00,`0,`0,`0,`0,`,`,`海参,`,`0.03000,`0.60%
`2015-04-27 10:16:42,`wx36177abf9259c7ff,`10161187,`0,`,`1004180035201504270092352578,`wx36177abf9259c7ff1430100339,`o6j3_slGFxHznO8Iur9Sl4-xCUWo,`NATIVE,`REFUND,`CFT,`CNY,`0,`0,`2004180035201504270003926319,`101611872015042700923525781430101002,`3.00,`2.00,`ORIGINAL,`SUCCESS,`海参,`,`-0.03000,`0.60%
`2015-04-27 10:17:20,`wx36177abf9259c7ff,`10161187,`0,`,`1004180035201504270092371540,`wx36177abf9259c7ff1430100614,`o6j3_slGFxHznO8Iur9Sl4-xCUWo,`NATIVE,`REFUND,`CFT,`CNY,`0,`0,`2004180035201504270003920371,`101611872015042700923715401430101040,`6.00,`4.00,`ORIGINAL,`SUCCESS,`海参,`,`-0.03000,`0.60%
`2015-04-27 10:18:53,`wx36177abf9259c7ff,`10161187,`0,`,`1004180035201504270092378581,`wx36177abf9259c7ff1430101122,`o6j3_slGFxHznO8Iur9Sl4-xCUWo,`NATIVE,`SUCCESS,`CFT,`CNY,`6.00,`3.50,`0,`0,`0,`0,`,`,`海参,`,`0.04000,`0.60%
`2015-04-27 10:19:20,`wx36177abf9259c7ff,`10161187,`0,`,`1004180035201504270092378581,`wx36177abf9259c7ff1430101122,`o6j3_slGFxHznO8Iur9Sl4-xCUWo,`NATIVE,`REFUND,`CFT,`CNY,`0,`0,`2004180035201504270003932030,`101611872015042700923785811430101159,`6.00,`3.50,`ORIGINAL,`SUCCESS,`海参,`,`-0.04000,`0.60%
`2015-04-27 10:26:54,`wx36177abf9259c7ff,`10161187,`0,`,`1004180035201504270092422645,`wx36177abf9259c7ff1430101606,`o6j3_slGFxHznO8Iur9Sl4-xCUWo,`NATIVE,`SUCCESS,`CFT,`CNY,`6.00,`4.00,`0,`0,`0,`0,`,`,`海参,`,`0.04000,`0.60%
`2015-04-27 10:28:17,`wx36177abf9259c7ff,`10161187,`0,`,`1004180035201504270092422645,`wx36177abf9259c7ff1430101606,`o6j3_slGFxHznO8Iur9Sl4-xCUWo,`NATIVE,`REFUND,`CFT,`CNY,`0,`0,`2004180035201504270003922500,`101611872015042700924226451430101696,`6.00,`4.00,`ORIGINAL,`SUCCESS,`海参,`,`-0.04000,`0.60%
`2015-04-27 13:55:13,`wx36177abf9259c7ff,`10161187,`0,`,`1004180035201504270092857517,`wx36177abf9259c7ff1430114101,`o6j3_slGFxHznO8Iur9Sl4-xCUWo,`NATIVE,`SUCCESS,`CFT,`CNY,`6.00,`5.00,`0,`0,`0,`0,`,`,`海参,`,`0.04000,`0.60%
`2015-04-27 13:56:08,`wx36177abf9259c7ff,`10161187,`0,`,`1004180035201504270092863509,`wx36177abf9259c7ff1430114140,`o6j3_slGFxHznO8Iur9Sl4-xCUWo,`NATIVE,`SUCCESS,`CFT,`CNY,`6.00,`3.50,`0,`0,`0,`0,`,`,`海参,`,`0.04000,`0.60%
`2015-04-27 13:56:14,`wx36177abf9259c7ff,`10161187,`0,`,`1004180035201504270092856384,`wx36177abf9259c7ff1430114167,`o6j3_slGFxHznO8Iur9Sl4-xCUWo,`NATIVE,`SUCCESS,`CFT,`CNY,`6.00,`4.00,`0,`0,`0,`0,`,`,`海参,`,`0.04000,`0.60%
`2015-04-27 13:56:37,`wx36177abf9259c7ff,`10161187,`0,`,`1004180035201504270092867299,`wx36177abf9259c7ff1430114189,`o6j3_slGFxHznO8Iur9Sl4-xCUWo,`NATIVE,`SUCCESS,`CFT,`CNY,`6.00,`1.00,`0,`0,`0,`0,`,`,`海参,`,`0.04000,`0.60%
`2015-04-27 13:57:58,`wx36177abf9259c7ff,`10161187,`0,`,`1004180035201504270092867299,`wx36177abf9259c7ff1430114189,`o6j3_slGFxHznO8Iur9Sl4-xCUWo,`NATIVE,`REFUND,`CFT,`CNY,`0,`0,`2004180035201504270003923795,`101611872015042700928672991430114277,`6.00,`1.00,`ORIGINAL,`SUCCESS,`海参,`,`-0.04000,`0.60%
`2015-04-27 13:58:21,`wx36177abf9259c7ff,`10161187,`0,`,`1004180035201504270092856384,`wx36177abf9259c7ff1430114167,`o6j3_slGFxHznO8Iur9Sl4-xCUWo,`NATIVE,`REFUND,`CFT,`CNY,`0,`0,`2004180035201504270003945610,`101611872015042700928563841430114301,`6.00,`4.00,`ORIGINAL,`SUCCESS,`海参,`,`-0.04000,`0.60%
`2015-04-27 13:58:43,`wx36177abf9259c7ff,`10161187,`0,`,`1004180035201504270092863509,`wx36177abf9259c7ff1430114140,`o6j3_slGFxHznO8Iur9Sl4-xCUWo,`NATIVE,`REFUND,`CFT,`CNY,`0,`0,`2004180035201504270003932160,`101611872015042700928635091430114322,`6.00,`3.50,`ORIGINAL,`SUCCESS,`海参,`,`-0.04000,`0.60%
`2015-04-27 13:59:06,`wx36177abf9259c7ff,`10161187,`0,`,`1004180035201504270092857517,`wx36177abf9259c7ff1430114101,`o6j3_slGFxHznO8Iur9Sl4-xCUWo,`NATIVE,`REFUND,`CFT,`CNY,`0,`0,`2004180035201504270003932161,`101611872015042700928575171430114346,`6.00,`5.00,`ORIGINAL,`SUCCESS,`海参,`,`-0.04000,`0.60%
`2015-04-27 13:59:32,`wx36177abf9259c7ff,`10161187,`0,`,`1004180035201504270092870913,`wx36177abf9259c7ff1430114363,`o6j3_slGFxHznO8Iur9Sl4-xCUWo,`NATIVE,`SUCCESS,`CFT,`CNY,`6.00,`1.00,`0,`0,`0,`0,`,`,`海参,`,`0.04000,`0.60%
`2015-04-27 14:00:19,`wx36177abf9259c7ff,`10161187,`0,`,`1004180035201504270092870913,`wx36177abf9259c7ff1430114363,`o6j3_slGFxHznO8Iur9Sl4-xCUWo,`NATIVE,`REFUND,`CFT,`CNY,`0,`0,`2004180035201504270003945611,`101611872015042700928709131430114419,`6.00,`1.00,`ORIGINAL,`SUCCESS,`海参,`,`-0.04000,`0.60%
`2015-04-27 14:06:54,`wx36177abf9259c7ff,`10161187,`0,`,`1004180035201504270092880775,`wx36177abf9259c7ff1430114803,`o6j3_slGFxHznO8Iur9Sl4-xCUWo,`NATIVE,`SUCCESS,`CFT,`CNY,`6.00,`5.00,`0,`0,`0,`0,`,`,`海参,`,`0.04000,`0.60%
`2015-04-27 14:08:16,`wx36177abf9259c7ff,`10161187,`0,`,`1004180035201504270092882557,`wx36177abf9259c7ff1430114860,`o6j3_slGFxHznO8Iur9Sl4-xCUWo,`NATIVE,`SUCCESS,`CFT,`CNY,`6.00,`3.50,`0,`0,`0,`0,`,`,`海参,`,`0.04000,`0.60%
`2015-04-27 14:08:41,`wx36177abf9259c7ff,`10161187,`0,`,`1004180035201504270092878978,`wx36177abf9259c7ff1430114915,`o6j3_slGFxHznO8Iur9Sl4-xCUWo,`NATIVE,`SUCCESS,`CFT,`CNY,`6.00,`4.00,`0,`0,`0,`0,`,`,`海参,`,`0.04000,`0.60%
`2015-04-27 14:09:02,`wx36177abf9259c7ff,`10161187,`0,`,`1004180035201504270092906028,`wx36177abf9259c7ff1430114935,`o6j3_slGFxHznO8Iur9Sl4-xCUWo,`NATIVE,`SUCCESS,`CFT,`CNY,`6.00,`1.00,`0,`0,`0,`0,`,`,`海参,`,`0.04000,`0.60%
`2015-04-27 15:50:13,`wx36177abf9259c7ff,`10161187,`0,`,`1004180035201504270093122415,`wx36177abf9259c7ff1430121002,`o6j3_slGFxHznO8Iur9Sl4-xCUWo,`NATIVE,`SUCCESS,`CFT,`CNY,`6.00,`1.00,`0,`0,`0,`0,`,`,`海参,`,`0.04000,`0.60%
`2015-04-27 15:50:38,`wx36177abf9259c7ff,`10161187,`0,`,`1004180035201504270093112086,`wx36177abf9259c7ff1430121028,`o6j3_slGFxHznO8Iur9Sl4-xCUWo,`NATIVE,`SUCCESS,`CFT,`CNY,`6.00,`1.00,`0,`0,`0,`0,`,`,`海参,`,`0.04000,`0.60%
`2015-04-27 15:51:02,`wx36177abf9259c7ff,`10161187,`0,`,`1004180035201504270093116473,`wx36177abf9259c7ff1430121053,`o6j3_slGFxHznO8Iur9Sl4-xCUWo,`NATIVE,`SUCCESS,`CFT,`CNY,`6.00,`1.00,`0,`0,`0,`0,`,`,`海参,`,`0.04000,`0.60%
`2015-04-27 15:51:26,`wx36177abf9259c7ff,`10161187,`0,`,`1004180035201504270093117667,`wx36177abf9259c7ff1430121079,`o6j3_slGFxHznO8Iur9Sl4-xCUWo,`NATIVE,`SUCCESS,`CFT,`CNY,`6.00,`1.00,`0,`0,`0,`0,`,`,`海参,`,`0.04000,`0.60%
`2015-04-27 16:05:04,`wx36177abf9259c7ff,`10161187,`0,`,`1004180035201504270093117667,`wx36177abf9259c7ff1430121079,`o6j3_slGFxHznO8Iur9Sl4-xCUWo,`NATIVE,`REFUND,`CFT,`CNY,`0,`0,`2004180035201504270003946858,`101611872015042700931176671430121904,`6.00,`1.00,`ORIGINAL,`SUCCESS,`海参,`,`-0.04000,`0.60%
`2015-04-27 16:05:29,`wx36177abf9259c7ff,`10161187,`0,`,`1004180035201504270093116473,`wx36177abf9259c7ff1430121053,`o6j3_slGFxHznO8Iur9Sl4-xCUWo,`NATIVE,`REFUND,`CFT,`CNY,`0,`0,`2004180035201504270003934962,`101611872015042700931164731430121929,`6.00,`1.00,`ORIGINAL,`SUCCESS,`海参,`,`-0.04000,`0.60%
`2015-04-27 16:06:07,`wx36177abf9259c7ff,`10161187,`0,`,`1004180035201504270092880775,`wx36177abf9259c7ff1430114803,`o6j3_slGFxHznO8Iur9Sl4-xCUWo,`NATIVE,`REFUND,`CFT,`CNY,`0,`0,`2004180035201504270003944266,`101611872015042700928807751430121967,`6.00,`5.00,`ORIGINAL,`SUCCESS,`海参,`,`-0.04000,`0.60%
`2015-04-27 16:06:55,`wx36177abf9259c7ff,`10161187,`0,`,`1004180035201504270093112086,`wx36177abf9259c7ff1430121028,`o6j3_slGFxHznO8Iur9Sl4-xCUWo,`NATIVE,`REFUND,`CFT,`CNY,`0,`0,`2004180035201504270003942085,`101611872015042700931120861430122015,`6.00,`1.00,`ORIGINAL,`SUCCESS,`海参,`,`-0.04000,`0.60%
`2015-04-27 16:07:22,`wx36177abf9259c7ff,`10161187,`0,`,`1004180035201504270092882557,`wx36177abf9259c7ff1430114860,`o6j3_slGFxHznO8Iur9Sl4-xCUWo,`NATIVE,`REFUND,`CFT,`CNY,`0,`0,`2004180035201504270003952823,`101611872015042700928825571430122041,`6.00,`3.50,`ORIGINAL,`SUCCESS,`海参,`,`-0.04000,`0.60%
`2015-04-27 16:08:28,`wx36177abf9259c7ff,`10161187,`0,`,`1004180035201504270093122415,`wx36177abf9259c7ff1430121002,`o6j3_slGFxHznO8Iur9Sl4-xCUWo,`NATIVE,`REFUND,`CFT,`CNY,`0,`0,`2004180035201504270003934963,`101611872015042700931224151430122108,`6.00,`1.00,`ORIGINAL,`SUCCESS,`海参,`,`-0.04000,`0.60%
`2015-04-27 16:10:45,`wx36177abf9259c7ff,`10161187,`0,`,`1004180035201504270092906028,`wx36177abf9259c7ff1430114935,`o6j3_slGFxHznO8Iur9Sl4-xCUWo,`NATIVE,`REFUND,`CFT,`CNY,`0,`0,`2004180035201504270003943660,`101611872015042700929060281430122245,`6.00,`1.00,`ORIGINAL,`SUCCESS,`海参,`,`-0.04000,`0.60%
`2015-04-27 16:11:10,`wx36177abf9259c7ff,`10161187,`0,`,`1004180035201504270092878978,`wx36177abf9259c7ff1430114915,`o6j3_slGFxHznO8Iur9Sl4-xCUWo,`NATIVE,`REFUND,`CFT,`CNY,`0,`0,`2004180035201504270003934967,`101611872015042700928789781430122270,`6.00,`4.00,`ORIGINAL,`SUCCESS,`海参,`,`-0.04000,`0.60%
`2015-04-27 16:53:34,`wx36177abf9259c7ff,`10161187,`0,`,`1008260035201504270093258018,`wx36177abf9259c7ff1430124808,`o6j3_spyEyqcSTWzASEBvehkQm-A,`NATIVE,`SUCCESS,`CFT,`CNY,`0.01,`0.00,`0,`0,`0,`0,`,`,`海参,`,`0.00000,`0.60%
`2015-04-27 17:01:42,`wx36177abf9259c7ff,`10161187,`0,`,`1008260035201504270093249976,`wx36177abf9259c7ff1430125296,`o6j3_spyEyqcSTWzASEBvehkQm-A,`NATIVE,`SUCCESS,`CFT,`CNY,`0.01,`0.00,`0,`0,`0,`0,`,`,`海参,`,`0.00000,`0.60%
`2015-04-27 17:02:58,`wx36177abf9259c7ff,`10161187,`0,`,`1008260035201504270093256371,`wx36177abf9259c7ff1430125368,`o6j3_spyEyqcSTWzASEBvehkQm-A,`NATIVE,`SUCCESS,`CFT,`CNY,`0.01,`0.00,`0,`0,`0,`0,`,`,`海参,`,`0.00000,`0.60%
`2015-04-27 17:17:18,`wx36177abf9259c7ff,`10161187,`0,`,`1008260035201504270093288345,`wx36177abf9259c7ff1430126229,`o6j3_spyEyqcSTWzASEBvehkQm-A,`NATIVE,`SUCCESS,`CFT,`CNY,`0.01,`0.00,`0,`0,`0,`0,`,`,`海参,`,`0.00000,`0.60%
`2015-04-27 17:24:23,`wx36177abf9259c7ff,`10161187,`0,`,`1008260035201504270093313879,`wx36177abf9259c7ff1430126657,`o6j3_spyEyqcSTWzASEBvehkQm-A,`NATIVE,`SUCCESS,`CFT,`CNY,`0.01,`0.00,`0,`0,`0,`0,`,`,`海参,`,`0.00000,`0.60%
`2015-04-27 17:48:22,`wx36177abf9259c7ff,`10161187,`0,`,`1008260035201504270093363688,`wx36177abf9259c7ff1430128094,`o6j3_spyEyqcSTWzASEBvehkQm-A,`NATIVE,`SUCCESS,`CFT,`CNY,`0.01,`0.00,`0,`0,`0,`0,`,`,`海参,`,`0.00000,`0.60%
`2015-04-27 17:50:33,`wx36177abf9259c7ff,`10161187,`0,`,`1008260035201504270093373063,`wx36177abf9259c7ff1430128226,`o6j3_spyEyqcSTWzASEBvehkQm-A,`NATIVE,`SUCCESS,`CFT,`CNY,`0.01,`0.00,`0,`0,`0,`0,`,`,`海参,`,`0.00000,`0.60%
`2015-04-27 17:53:39,`wx36177abf9259c7ff,`10161187,`0,`,`1008260035201504270093368747,`wx36177abf9259c7ff1430128412,`o6j3_spyEyqcSTWzASEBvehkQm-A,`NATIVE,`SUCCESS,`CFT,`CNY,`0.01,`0.00,`0,`0,`0,`0,`,`,`海参,`,`0.00000,`0.60%
`2015-04-27 17:57:11,`wx36177abf9259c7ff,`10161187,`0,`,`1008260035201504270093368587,`wx36177abf9259c7ff1430128624,`o6j3_spyEyqcSTWzASEBvehkQm-A,`NATIVE,`SUCCESS,`CFT,`CNY,`0.01,`0.00,`0,`0,`0,`0,`,`,`海参,`,`0.00000,`0.60%
`2015-04-27 17:58:15,`wx36177abf9259c7ff,`10161187,`0,`,`1008260035201504270093383289,`wx36177abf9259c7ff1430128688,`o6j3_spyEyqcSTWzASEBvehkQm-A,`NATIVE,`SUCCESS,`CFT,`CNY,`0.01,`0.00,`0,`0,`0,`0,`,`,`海参,`,`0.00000,`0.60%
`2015-04-28 16:06:40,`wx36177abf9259c7ff,`10161187,`0,`,`1008260035201504280095576036,`wx36177abf9259c7ff1430208394,`o6j3_spyEyqcSTWzASEBvehkQm-A,`NATIVE,`SUCCESS,`CFT,`CNY,`0.01,`0.00,`0,`0,`0,`0,`,`,`散装海参,`,`0.00000,`0.60%
`2015-04-28 16:08:48,`wx36177abf9259c7ff,`10161187,`0,`,`1008260035201504280095579639,`wx36177abf9259c7ff1430208521,`o6j3_spyEyqcSTWzASEBvehkQm-A,`NATIVE,`SUCCESS,`CFT,`CNY,`0.01,`0.00,`0,`0,`0,`0,`,`,`散装海参,`,`0.00000,`0.60%
`2015-04-28 16:29:21,`wx36177abf9259c7ff,`10161187,`0,`,`1008260035201504280095640607,`wx36177abf9259c7ff1430209753,`o6j3_spyEyqcSTWzASEBvehkQm-A,`NATIVE,`SUCCESS,`CFT,`CNY,`0.01,`0.00,`0,`0,`0,`0,`,`,`散装海参,`,`0.00000,`0.60%
`2015-04-28 16:31:13,`wx36177abf9259c7ff,`10161187,`0,`,`1008260035201504280095616970,`wx36177abf9259c7ff1430209868,`o6j3_spyEyqcSTWzASEBvehkQm-A,`NATIVE,`SUCCESS,`CFT,`CNY,`0.01,`0.00,`0,`0,`0,`0,`,`,`散装海参,`,`0.00000,`0.60%
`2015-04-28 16:36:07,`wx36177abf9259c7ff,`10161187,`0,`,`1008260035201504280095629558,`wx36177abf9259c7ff1430210159,`o6j3_spyEyqcSTWzASEBvehkQm-A,`NATIVE,`SUCCESS,`CFT,`CNY,`0.01,`0.00,`0,`0,`0,`0,`,`,`散装海参,`,`0.00000,`0.60%
`2015-04-28 17:49:12,`wx36177abf9259c7ff,`10161187,`0,`,`1008260035201504280095816510,`wx36177abf9259c7ff1430214547,`o6j3_spyEyqcSTWzASEBvehkQm-A,`NATIVE,`SUCCESS,`CFT,`CNY,`0.01,`0.00,`0,`0,`0,`0,`,`,`散装海参,`散装海参,`0.00000,`0.60%
`2015-04-28 17:57:50,`wx36177abf9259c7ff,`10161187,`0,`,`1008260035201504280095843059,`wx36177abf9259c7ff1430215050,`o6j3_spyEyqcSTWzASEBvehkQm-A,`NATIVE,`SUCCESS,`CFT,`CNY,`0.01,`0.00,`0,`0,`0,`0,`,`,`散装海参,`wx36177abf9259c7ffstatic1,`0.00000,`0.60%
`2015-04-28 18:02:19,`wx36177abf9259c7ff,`10161187,`0,`,`1008260035201504280095842387,`wx36177abf9259c7ff1430215331,`o6j3_spyEyqcSTWzASEBvehkQm-A,`NATIVE,`SUCCESS,`CFT,`CNY,`0.01,`0.00,`0,`0,`0,`0,`,`,`散装海参,`wx36177abf9259c7ffstatic1,`0.00000,`0.60%
`2015-04-28 18:04:19,`wx36177abf9259c7ff,`10161187,`0,`,`1008260035201504280095870024,`wx36177abf9259c7ff1430215453,`o6j3_spyEyqcSTWzASEBvehkQm-A,`NATIVE,`SUCCESS,`CFT,`CNY,`0.01,`0.00,`0,`0,`0,`0,`,`,`散装海参,`wx36177abf9259c7ffstatic1,`0.00000,`0.60%
`2015-04-28 18:04:59,`wx36177abf9259c7ff,`10161187,`0,`,`1008260035201504280095848585,`wx36177abf9259c7ff1430215494,`o6j3_spyEyqcSTWzASEBvehkQm-A,`NATIVE,`SUCCESS,`CFT,`CNY,`0.01,`0.00,`0,`0,`0,`0,`,`,`散装海参,`wx36177abf9259c7ffstatic1,`0.00000,`0.60%
`2015-04-28 18:05:52,`wx36177abf9259c7ff,`10161187,`0,`,`1008260035201504280095849979,`wx36177abf9259c7ff1430215546,`o6j3_spyEyqcSTWzASEBvehkQm-A,`NATIVE,`SUCCESS,`CFT,`CNY,`0.01,`0.00,`0,`0,`0,`0,`,`,`散装海参,`wx36177abf9259c7ffstatic1,`0.00000,`0.60%
`2015-04-29 09:45:23,`wx36177abf9259c7ff,`10161187,`0,`,`1002870035201504290097195716,`wx36177abf9259c7ff1430271906,`o6j3_sqZ0bZkpOjL2BAu-78X_4KI,`NATIVE,`SUCCESS,`CFT,`CNY,`6.00,`0.00,`0,`0,`0,`0,`,`,`鑫玉龙即食海参品,`wx36177abf9259c7ffstatic600,`0.04000,`0.60%
`2015-04-29 09:46:58,`wx36177abf9259c7ff,`10161187,`0,`,`1002870035201504290097195716,`wx36177abf9259c7ff1430271906,`o6j3_sqZ0bZkpOjL2BAu-78X_4KI,`NATIVE,`REFUND,`CFT,`CNY,`0,`0,`2002870035201504290004055139,`101611872015042900971957161430272018,`6.00,`0.00,`ORIGINAL,`SUCCESS,`鑫玉龙即食海参品,`wx36177abf9259c7ffstatic600,`-0.04000,`0.60%
`2015-04-29 14:01:43,`wx36177abf9259c7ff,`10161187,`0,`,`1008260035201504290097690577,`wx36177abf9259c7ff1430287295,`o6j3_spyEyqcSTWzASEBvehkQm-A,`NATIVE,`SUCCESS,`CFT,`CNY,`0.01,`0.00,`0,`0,`0,`0,`,`,`散装海参,`wx36177abf9259c7ffstatic1,`0.00000,`0.60%
`2015-04-29 14:47:42,`wx97cbb908c15a96bd,`10014015,`10161187,`,`1002870319201504290097782149,`12898095933273618907,`o6j3_sqZ0bZkpOjL2BAu-78X_4KI,`JSAPI,`SUCCESS,`CFT,`CNY,`2.00,`1.00,`0,`0,`0,`0,`,`,`商品测试,`,`0.02000,`0.60%
`2015-04-29 14:48:01,`wx97cbb908c15a96bd,`10014015,`10161187,`,`1002870319201504290097772187,`12898095933273618925,`o6j3_sqZ0bZkpOjL2BAu-78X_4KI,`JSAPI,`SUCCESS,`CFT,`CNY,`2.00,`0.00,`0,`0,`0,`0,`,`,`商品测试,`,`0.01000,`0.60%
`2015-04-29 14:55:52,`wx97cbb908c15a96bd,`10014015,`10161187,`,`1002870319201504290097796897,`12898095933273619986,`o6j3_sqZ0bZkpOjL2BAu-78X_4KI,`JSAPI,`SUCCESS,`CFT,`CNY,`3.00,`2.00,`0,`0,`0,`0,`,`,`商品测试,`,`0.02000,`0.60%
`2015-04-29 15:18:42,`wx97cbb908c15a96bd,`10014015,`10161187,`,`1008260319201504250088350282,`12898095933272853241,`o6j3_spyEyqcSTWzASEBvehkQm-A,`JSAPI,`REFUND,`CFT,`CNY,`0,`0,`2008260319201504290004066779,`101611872015042500883502821430291921,`1.00,`0.00,`ORIGINAL,`SUCCESS,`测试商品,`,`-0.01000,`0.60%
`2015-04-29 15:19:53,`wx97cbb908c15a96bd,`10014015,`10161187,`,`1002870319201504290097772187,`12898095933273618925,`o6j3_sqZ0bZkpOjL2BAu-78X_4KI,`JSAPI,`REFUND,`CFT,`CNY,`0,`0,`2002870319201504290004086007,`101611872015042900977721871430291992,`2.00,`0.00,`ORIGINAL,`SUCCESS,`商品测试,`,`-0.01000,`0.60%
`2015-04-29 15:49:38,`wx97cbb908c15a96bd,`10014015,`10161187,`,`1002870319201504290097917609,`12898095933273635467,`o6j3_sqZ0bZkpOjL2BAu-78X_4KI,`JSAPI,`SUCCESS,`CFT,`CNY,`3.00,`2.00,`0,`0,`0,`0,`,`,`商品测试,`,`0.02000,`0.60%
`2015-04-29 15:51:12,`wx97cbb908c15a96bd,`10014015,`10161187,`,`1002870319201504290097900798,`12898095933273635845,`o6j3_sqZ0bZkpOjL2BAu-78X_4KI,`JSAPI,`SUCCESS,`CFT,`CNY,`6.00,`1.00,`0,`0,`0,`0,`,`,`商品测试,`,`0.04000,`0.60%
`2015-04-30 16:26:04,`wx36177abf9259c7ff,`10161187,`0,`,`1008260035201504300100061751,`wx36177abf9259c7ff1430382359,`o6j3_spyEyqcSTWzASEBvehkQm-A,`NATIVE,`SUCCESS,`CFT,`CNY,`0.01,`0.00,`0,`0,`0,`0,`,`,`散装海参,`wx36177abf9259c7ffstatic1,`0.00000,`0.60%
